classifier,tn,fp,fn,tp,precision,recall,f1-score,accuracy
gptzero,54,1,21,36,0.972972972972973,0.631578947368421,0.7659574468085106,0.8035714285714286
originalityai,49,6,0,57,0.9047619047619048,1.0,0.9500000000000001,0.9464285714285714
